təŋ	2	筩僮曈朣𦏆犝艟罿峒穜絧衕憧彤橦茼
ləŋ	2	嚨曨礱㰍窿霳豅癃蘢穠𩅽醲癑帑
iəŋ	2	慵墉鏞鎔鄘鱅禺喁瑢肜瀜駥茙
xəŋ	1	灃酆麷葑丰
məŋ	2	𫎇濛瞢矇幪朦饛艨曚懜𡁏礞
xəŋ	2	渢鴻訌泓閎鞃
tsəŋ	1	琮悰賨騣豵猣椶㚇鬷緫
kəŋ	1	宫
tʃəŋ	1	衷螽鍾𦉂
tʃʰəŋ	1	种珫㤝忡衝蹖摏憃
ɕiəŋ	1	胷凶恟訩
səŋ	1	鬆忪彸崧菘娀
tsʰəŋ	1	驄璁悤䡯
pəŋ	2	芃逄
tsəŋ	2	䕺鏦潨
iəŋ	1	饔癰廱雝噰灉邕
tɕiəŋ	2	穹藭邛筇蛩銎𦭭
təŋ	1	蝀鼕
tʰəŋ	1	侗恫蓪
tʃəŋ	2	爞
kʰəŋ	1	倥悾箜
ɕiəŋ	2	
əŋ	1	蓊
ləŋ	1	
ɕiɑŋ	1	薌膷
fɑŋ	2	篁凰魴潢隍簧湟璜鍠徨遑惶喤
iɑŋ	2	暘鍚颺佯痒徉
pɑŋ	2	雱尨哤瀧𥆙娏逄庬蒡
lɑŋ	2	桹莨蜋稂莨琅硠
tʃɑŋ	1	漳麞鄣璋嫜彰粻
tɑŋ	2	螗餹鏜傏
tsiɑŋ	2	庠嬙檣戕
mɑŋ	2	鋩邙𥐞蘉硭虻蝱
siɑŋ	1	緗襄驤纕勷
kɑŋ	1	罡罁棡
tɕiɑŋ	1	䗵䕬茳豇矼釭舡
tɕʰiɑŋ	1	繮蜣殭椌
tsʰiɑŋ	1	蹌鏘斨鶬蹡瑲
xɑŋ	2	頏吭桁肮
tʃɑŋ	2	萇鼚
liɑŋ	2	䣼
tʃʰɑŋ	1	猖閶倀
iɑŋ	1	
fɑŋ	1	肓衁枋
tʃuɑŋ/tɕyɑŋ	1	
ʃɑŋ	1	裼愓
tsɑŋ	1	臧贓牂鏦瑽跫
kʰuɑŋ	1	恇劻𨴑
ʃuɑŋ/ɕyɑŋ	1	驦鷞艭𢥠䉶
kuɑŋ	1	洸珖桄觵
ɹ̠ɑŋ	2	穰瀼禳瓤
tɑŋ	1	璫簹
ʃɑŋ	2	鱨
tsʰɑŋ	1	
uɑŋ	2	
kʰɑŋ	1	穅躿
tʃʰuɑŋ/tɕʰyɑŋ	1	幢憃摐
pɑŋ	1	
tsiɑŋ	1	螀
sɑŋ	1	
uɑŋ	1	尪
ŋɑŋ	2	卭
tɕiɑŋ	2	强彊
ȵiɑŋ	2	孃
tʰɑŋ	1	
kuɑŋ	2	
ɕiɑŋ	2	
tsɑŋ	2	
tʃuɑŋ/tɕyɑŋ	2	牀
ʃɿ˗	1	尸蓍鳲邿
tsɿ	1	貲鶿粢緇淄錙輜齍餈菑鼒鄑耔鎡
tʃɿ˗	1	榰卮祇禔
sɿ	1	緦偲厮虒澌嘶𤺊
tʃʰɿ˗	1	笞鍉絺鴟褫螭魑媸嗤
tʃɿ˗	2	箎墀踟泜蚳坻
tsɿ	2	茨辤
tsʰɿ	1	疪訾頾𦙼
ʃɿ˗	2	塒蒔
fɘɪ	1	霏翬騑緋褘腓厞楎菲誹悝脢詼虺鼲麾撝劘
mɘɪ	2	鋂苺禖嵋瀰縻湄醾蘼麛冞獼霉玫
uɘɪ	2	韋闈嵬幃濰褘
uɘɪ	1	葳蝛隈隗偎痿緌蕤逶荽
lɘɪ	2	罍羸欙虆縲瘰
kuɘɪ	1	溈媯刲邽袿皈闚
kuɘɪ	2	夔馗頯騤戣暌睽
fɘɪ	2	洄徊淝
tʃuɘɪ/tɕyɘɪ	2	箠倕陲
tʃuɘɪ/tɕyɘɪ	1	鵻騅隹鎚
pɘɪ	2	醅坏
tɘɪ	2	尵隤豗魋㿗
pʰɘɪ	1	駓邳秠伾㔻
tsʰɘɪ	1	縗榱
tʰɘɪ	1	蓷焞
pɘɪ	1	桮陂萆
kʰuɘɪ	1	
tʃʰuɘɪ/tɕʰyɘɪ	1	
sɘɪ	2	
sɘɪ	1	睢
tɘɪ	1	
ʃuɘɪ/ɕyɘɪ	2	
si	1	糈諝鬚嬃
tɕi	2	淇蜞綦麒騏祺䰇敧蚔軝錡耆蚑踦剞蘄圻旂頎芪伎
ɕi	1	谿㜎徯鼷蹊豀醯爔僖曦巇嚱譆睎豨鵗睎欷誒鸂郗
pi	2	羆埤陴鈹魮㮰紕貔毗裨箄椑鼙膍笓鎞埤蚍猈
li	2	棃犂藜々黧瓈鸝狸梩釐縭蘺䍦罹醨漦嫠驪纚酈氂蠡
i	2	峓詒飴頣迤彝貤跠洟痍椸匜𨠑桋圯訑𩚉扅台袲
tɕi	1	嵇筓禨磯璣畿飢羇𤪌萁乩
tsi	1	躋齎齏虀疽沮菹狙苴趄砠雎
ti	2	嗁蹏隄鵜綈稊禔緹騠鞮媞䬾褆罤
ȵi	2	麑䡚鯢猊臡柅怩嶷郳
i	1	吚噫漪猗褘繄鷖欹黟
tsʰi	1	々悽萋郪
ti	1	羝詆磾胝氐疷
ɕi	2	畦觿巂鑴酅
pʰi	1	㓟𦱔銔
tsi	2	蠐懠
tɕʰi	1	僛
si	2	
pi	1	陂
xaɪ	2	骸湝
kaɪ	1	偕喈痎荄頦陔垓
tʃaɪ/tsaɪ	2	祡儕纔
taɪ	2	邰鮐薹台
tʃaɪ/tsaɪ	1	
ŋaɪ	2	厓碞睚
paɪ	2	俳篺棑𥱼徘
laɪ	2	萊騋郲徠崃
ʃaɪ/saɪ	1	顋䰄䚡罳颸
faɪ	2	
tʃʰaɪ/tsʰaɪ	1	
kʰaɪ	1	□
ŋaɪ	1	
maɪ	2	
taɪ	1	獃
tʰaɪ	1	
kuaɪ	1	
ʃuaɪ/ɕyaɪ	1	
uaɪ	1	
fu	2	餬醐鶘衚郛孚桴稃蚨鈇弧趺苻枹柎鬍榑鄜涪
y	2	輿旟鴽袽樗摴璵洳餘于諛嵎濡揄楰獳襦繻羭窬瘉褕臾邘杅萸雩箊禺喁毹覦腴嚅薷踰𠍶
tɕy	1	洙邾銖侏捄裾櫧据椐琚硃跦
tɕy	2	蜍滁籧篨腒蘧蕖瀦醵戵劬蹰𢊍癯朐絇幮鸜
ɕy	1	伃妤歔紓攄㠊紆吁訏盱冔
ku	1	沽菰柧觚罛蛄苽
fu	1	幠莩罦痡柎玞砆䴸嘑膴跗滹
tɕʰy	1	敺貙咮祛袪阹呿
u	2	郚鼯齬浯摹嫫謨
pu	2	逋蒱晡餔酺莆
u	1	污杇洿
y	1	瘀
kʰu	1	刳
ɕy	2	藷殳
pʰu	1	
lɵʊ	2	僂髏螻䝏蔞婁纑婁瀘轤壚櫨艫顱矑鱸鸕駑玈孥鏤臚䕡閭櫚鑪
iɵʊ	2	游庮疣蝣斿訧鮋猷輶蕕𩹊楢
tʃɵʊ	2	儔醻犨裯讎幬譸椆𥺝躊
tɕiɵʊ	2	毬艽捄觩絿璆鏐賕厹頄銶虯俅鼽
sɵʊ	1	蒐廋䬒溲𢯱䤹鄋𩜯䐹
tsɵʊ	1	棷鯫騶緅菆蒩鄹棸陬
xɵʊ	2	餱鍭罘芣篌緱桴枹蜉紑鄇
tɵʊ	2	荼駼菟瘏涂鵌酴骰
mɵʊ	2	侔䏬麰鍪蟊瞀髳
liɵʊ	2	旒騮飀
tsʰiɵʊ	1	鞦楸湫鶖鰌揫緧萩
tʃɵʊ	1	週輈賙啁侜盩婤
iɵʊ	1	呦麀耰鄾嚘滺
kɵʊ	1	韝袧篝軥褠
ŋɵʊ	1	謳甌鷗彄芤
tsɵʊ	2	篘耡騶徂雛殂
siɵʊ	1	鎈脩滫
ɹ̠ɵʊ	2	蹂猱
tsʰɵʊ	1	芻
ɕiɵʊ	1	咻庥貅
tɵʊ	1	闍𣘛
tsiɵʊ	2	噍蝤
pɵʊ	2	裦抔掊
tʃʰɵʊ	1	瘳紬妯
tɕiɵʊ	1	樛
tɕʰiɵʊ	1	𠀉邱蚯坵
piɵʊ	1	
tʰɵʊ	1	媮
ȵiɵʊ	2	
ʃɵʊ	1	
xɵʊ	1	齁
tiɵʊ	1	丢
miɵʊ	2	
iɑ	1	枒
tɕiɑ	1	笳迦瘕葭珈豭跏
ʃɑ/sɑ	1	裟鯊㸺奓𤙱𤵌
pɑ	1	葩豝羓笆
uɑ	1	漥騧鼃窊剜洼
tʃʰɑ/tsʰɑ	1	槎扠
ɕiɑ	2	騢
iɑ	2	琊
tʃɑ/tsɑ	2	
mɑ	2	痳
fɑ	2	划驊
fɑ	1	譁
tʃɑ/tsɑ	1	樝
pɑ	2	筢鈀
kʰuɑ	1	
tɕiɑ	2	伽
lɑ	2	拏
tʃuɑ/tɕyɑ	1	撾檛髽
ɕiɑ	1	鰕疨
mɑ	1	𥄲
siɑ	2	
kuɑ	1	
tʰɑ	2	
tʃuɑ/tɕyɑ	2	
ie	2	耶捓鋣
ə	2	栭胹鮞輀洏陑耏
tsie	1	嗟𦊨苴
ʃə	2	
tie	1	㸙
sie	2	衺
tʃə	1	
sie	1	
ʃə	1	
ɕye	1	鞾
tɕie	2	
lin	2	璘粼嶙燐轔凌棱綾蔆崚輘鯪聆翎囹舲泠鴒瓴櫺醽苓軨麢𧕅遴楞箖笭痳麐燐
in	1	喑瘖愔攖嚶韺瓔霙甖罌瑛膺譍闉氤湮堙駰禋慇癭
yn	2	耘紜芸䢵篔沄澐云妘筠匀畇罃嶸瑩鍧滎熒瀠蕓蠑
tsən	1	崢琤錚鬇罇嶟榛踆逡溱蓁𠬍罾橧矰鄫鄫鬙嶒猙鱒
tʃən	2	酲郕裎澂忱湛諶煁
min	2	溟蓂螟銘暝嫇緡岷瑉鄍瑉
in	2	夤垠嚚訚狺齗嬴瀛籝霪
pin	2	苹栟枰嬪嚬顰凭帡荓
tʃən	1	瞋甄鍼琛椹鉦楨徵烝鱵畛
fən	2	黌紘豶羵枌汾朌幩羒鼖蕡濆蚡蚠𪏆褌
tɕin	1	紟荆涇矜釿觔
fən	1	氛棼雰薨甍訇閽棻餴睧岎
pin	1	豳蠙并掤鑌臏
ɕyn	1	醺曛焄纁勳燻塤
sən	1	笙蔘飱蓀
tɕyn	1	皸囷迍扃𡋙駉焞莙麕
ʃən	1	紳呻娠昇陞
tən	1	豋簦暾啍惇
sin	1	詵莘侁駪甡鯹惺篁騂
tɕin	2	衾檎芩懃黥擎檠勍廑𠘅㡵
tən	2	滕縢螣窀豚軘㬾魨
sən	2	廵恂馴紃郇峋
tsin	2	餳螓𩱕潯燖鐔鄩蟫
ʃən	2	脣漘宸澠
tsʰin	1	鯖駸綅祲寖
ɕyn	2	錞㨃
tɕyn	2	羣裠煢嬛頵麇
tin	2	蜒渟聤葶
kən	1	賡鶊秔粳
tsin	1	旌菁腈
ɹ̠ən	2	紉礽
lən	2	掄綸蜦䑳崙
kʰuən	1	崐鯤髡琨鵾焜晜
pən	1	祊賁塴犇
tɕʰyn	1	杶輴
tʃʰən	1	蟶郴檉頳竀偁
kʰən	1	阬牼鏗硜慳
ɕin	1	昕歆訢
xən	2	蘅珩鞃
tin	1	玎仃汀町朾
ɕin	2	邢鉶陘硎娙陘侀
tsən	2	桭涔
tsʰən	1	鎗邨
pən	2	蟛澎
mən	2	璊甿穈
uən	2	雯閺
uən	1	緼氤蕰温
tɕʰin	1	嶔
ȵin	2	鬡獰
pʰən	1	烹怦伻
tʰin	1	桯
kuən	1	肱觥
pʰin	1	娉俜
tʰən	1	
ŋən	1	
xən	1	亨
fan	2	轘鐶鬟寰鍰圜闤璠蹯墦燔膰蕃樊蘩袢
xan	2	咸緘諴瑊椷鵮々唅谽㟏閒蕑嫺鷳憪邗
lan	2	枏襤諵闌瀾幱讕斕惏
kan	1	泔蚶干虷玕姦菅犴疳癇杆閒
tan	2	餤覃郯惔壜醰蟫鐔𨝸繵
tsan	2	毚欃鑱巉慙鐕孱潺酁
tan	1	襌鄲殫簞耼湛酖儋妉
tʰan	1	嘽癉歎癱醓
uan	1	
ŋan	1	菴諳䳺盦弇
ʃuan/ɕyan	1	跚姍潸芟𢹞
xan	1	豻貛
san	1	縿𩌰
pan	1	䰉瘢螌𧇥
kʰan	1	戡慳
fan	1	幡旙繙
tsʰan	1	驂摻䱗
pʰan	1	眅
kuan	1	鰥瘝癏
tsan	1	篸毿
man	2	
man	1	鞔
tan	1	甔
uan	2	𤻆
ŋan	2	
tɔn	1	湍篅耑
xɔn	2	莞桓萑紈刓絙荁
pɔn	2	蟠鞶蹣磐弁縏𠽲
mɔn	2	鏝鰻
lɔn	2	巒圝
kɔn	1	
tɔn	2	漙慱𩜵
xɔn	1	驩讙
tsɔn	1	攢巑
tsʰɔn	1	攛
kʰɔn	1	
pʰɔn	1	
sɔn	1	
pɔn	1	
tsiɛn	2	荃銓牷鬋媊詮筌撏熸爓燂𤑶
yɛn	2	黿嫄騵爰垣洹湲猨媛蝝芄䢵
tʃɛn	1	詹痁霑佔苫阽襜氈澶鸇鱣邅饘旃栴怗讝
liɛn	2	攣濂匳籨薟帘薕
iɛn	2	綖埏梴蜒鋋檐郔
tɕʰiɛn	1	愆岍汧騫褰鶱鰜諐雃
tɕyɛn	1	甎鵑顓蜎蠲悁鞙鄟鱄
siɛn	1	躚秈暹銛
tɕyɛn	2	遄鬈踡弮輲歂
tsiɛn	1	牋湔韉戔鐫籛朘䘒
iɛn	1	焉鄢胭嘕嫣醃崦酀菸𠝢
yɛn	1	鳶鵷眢髯蚦䩩衻棩
ɕyɛn	1	萱暄揎諼貆諠
tsʰiɛn	1	芊韆仟悛僉噞憸
piɛn	1	籩萹鯾
tiɛn	2	滇闐畋嗔
tɕiɛn	2	黔箝鈐雂
tɕiɛn	1	豜蒹鶼犍鞬尲
piɛn	2	楩軿骿胼楄
siɛn	2	璇嬛儇
ȵiɛn	2	
tɕʰyɛn	1	玔釧
ʃɛn	2	嬋
tʃɛn	2	廛瀍躔
ɕiɛn	2	絃舷
miɛn	2	㒙
ɕyɛn	2	椽
tiɛn	1	巔瘨
ɕiɛn	1	羶祆
pʰiɛn	1	翩蹁
tʰiɛn	1	
ȵiɛn	1	妍
tʃɑʊ	1	釗
sɑʊ	1	䈾髾繅颾弰綃
siɑʊ	1	蕭瀟魈逍箾蛸蠨翛
kɑʊ	1	皋橰餻鼛櫜㬔轇
tɑʊ	2	綯檮翿騊鼗咷駣
iɑʊ	2	摇謡遥瑶猺珧僥蕘嶢嬈褕洮譊媱
ɕiɑʊ	1	梟鴞枵僥驍嘵膮虓歊
ŋɑʊ	2	敖翱嗷遨鷔獒謷鼇螯璈磝
tɕiɑʊ	2	荍鷮𧄍
tɕiɑʊ	1	蛟茭鮫芃
liɑʊ	2	嘹寮膋鷯橑敹膫
tsɑʊ	2	漕艚螬䏆慒樔
piɑʊ	1	杓穮儦瀌麃鑣滮
iɑʊ	1	喓徼葽么
lɑʊ	2	醪簩峱呶怓𤎤
tsiɑʊ	1	燋鷦噍僬膲
tʰɑʊ	1	韜絛慆饕謟
ʃɑʊ	2	髫軺鞗岧
ɹ̠ɑʊ	2	猱橈襓
tiɑʊ	2	蜩鰷苕
xɑʊ	2	濠籇
tiɑʊ	1	凋彫𦨣鵰
tʰiɑʊ	1	銚祧惀
pɑʊ	2	庖匏咆
ɕiɑʊ	2	崤烋
mɑʊ	2	旄髦芼
pɑʊ	1	裦疱
pʰiɑʊ	1	僄幖薸螵嘌
tɕʰiɑʊ	1	骹墝尻熇磽撬
tʃɑʊ	2	晁鼂嘲
miɑʊ	2	
tsɑʊ	1	灱
tsʰɑʊ	1	訬耖
pʰɑʊ	1	脬
xɑʊ	1	嘷
tɑʊ	1	舠㣼
tsiɑʊ	2	譙
tʃʰɑʊ	1	弨
piɑʊ	2	
ʃɑʊ	1	
tsʰiɑʊ	1	鍫
ŋɑʊ	1	
to	1	
to	2	沱鼉酡紽跎䭾驒
o	2	娥峨睋莪吪哦囮
kʰo	1	蝌訶珂痾牁
so	1	傞挱𥆝
mo	2	𩞁摹謨嫫
xo	2	龢
lo	2	驘蠃囉覶
tsʰo	1	磋瘥瑳鹺嵯痤齹
po	1	嶓陂
ko	1	薖
o	1	萵䋪
po	2	皤
pʰo	1	
tʰo	1	
xo	1	呵
tɕio	2	
təŋ	3	挏
iəŋ	3	俑壅宂甬踊氄慂
pʰəŋ	3	覂菶琫玤唪䩬
kəŋ	3	栱珙蛬拲輁嗊㘢
tʃəŋ	3	尰踵
ləŋ	3	弩砮篢
məŋ	3	蠓矇幪蜢
xəŋ	3	澒
tsəŋ	3	傯𥡥𩮰憁
səŋ	3	竦嵸
kʰəŋ	3	
əŋ	3	蓊塕滃
tʰəŋ	3	侗
ɕiəŋ	3	詾
pəŋ	3	
tʃʰəŋ	3	
ɕiɑŋ	3	蠁嚮
fɑŋ	3	倣幌滉榥昉㬻怳旊䀮𧧢
uɑŋ	3	罔魍輞菵
tɑŋ	3	讜簜曭𣎲碭崵
pɑŋ	3	蒡髈氆
iɑŋ	3	飬痒鞅坱瀁
siɑŋ	3	潒鮝
sɑŋ	3	顙磢塽
tʃɑŋ	3	
tʰɑŋ	3	儻帑惝
tʃʰɑŋ	3	氅昶
liɑŋ	3	緉魎
tɕʰiɑŋ	3	襁彊鏹勥繦
mɑŋ	3	漭
lɑŋ	3	曩𣚠
tsiɑŋ	3	
tsʰɑŋ	3	戇
ɹ̠ɑŋ	3	穰
ʃɑŋ	3	
kuɑŋ	3	
kʰɑŋ	3	沆
tsɑŋ	3	髒
ȵiɑŋ	3	
tɕiɑŋ	3	
ŋɑŋ	3	
tsɑŋ	3	駔
kɑŋ	3	
xɑŋ	3	
tsʰiɑŋ	3	
ʃɿ˗	3	豕豸廌諟恃舓𦳊杝
tʃɿ˗	3	咫黹㫖芷徴祉阯枳沚厎軹坻畤
tsɿ	3	秭笫胏耔峙庤
tsʰɿ	3	泚玼佌訿訾佌
tʃʰɿ˗	3	哆袲
sɿ	3	仕俟耜姒涘汜禩
fɘɪ	3	篚斐菲棐棑悱蜚誹朏虺滙琲
fɘɪ	3	燬頮靧
uɘɪ	3	韙亹煒韡瑋暐寪鄬蒍𨘏洧鮪壝蘤繠蘂猥隗腇趡諉
kuɘɪ	3	揆晷匭宄頍簋跬巋垝氿
lɘɪ	3	藟絫樏鮾礧
tsɘɪ	3	觜嶲㭰
mɘɪ	3	浼
tʃuɘɪ/tɕyɘɪ	3	棰箠
tsʰɘɪ	3	漼
pɘɪ	3	蓓
tʰɘɪ	3	骽
ʃuɘɪ/ɕyɘɪ	3	
kʰuɘɪ	3	
tɘɪ	3	
ɘɪ	3	偯
si	3	兕枲屣縰瀡蓗糈諝湑楈葸
i	3	𠋣𦂶苡矣𢰤踦匜𨪆迤苢顗𬃪扆𱌡
li	3	里俚邐澧醴膂侣吕祣蠡
ti	3	柢邸詆牴坻悌娣砥弤疷軧泜
ȵi	3	薿瀰艤旎𦰫禰伱苨嶷
pʰi	3	秕秠匕嚭
tɕi	3	跂麂跽
tɕʰi	3	綮棨芑戺圯屺
pi	3	俾髀婢庳庀䠋
mi	3	眯敉羋弭
tsi	3	癠泲咀齟
tʰi	3	醍
ɕi	3	
tsʰi	3	
xaɪ	3	醢頦駴獬澥醢薢
kʰaɪ	3	鍇塏霼
ŋaɪ	3	騃
tʃʰaɪ/tsʰaɪ	3	綵宷䰂採
tʃaɪ/tsaɪ	3	𦭧廌
laɪ	3	癗嬭
taɪ	3	紿駘歹
kuaɪ	3	柺夬
kʰuaɪ	3	磈
paɪ	3	捭
kaɪ	3	
maɪ	3	蕒
ʃaɪ/saɪ	3	
tʃʰuaɪ/tɕʰyaɪ	3	
tʰaɪ	3	
fu	3	廡翮簠甒憮莆黼膴瞴郙楛嫵弣怙扈户祜芐𣶉釜鄠
y	3	圄圉藇鱮籞敔瑀麌傴庾窳栩俁鄅楰齲噳癒醹蘂
tɕy	3	炷麈窶踽擧煑楮莒筥羜苎㝉伫𫎓紵鉅苣柜秬椇翥
ɕy	3	冔墅杼癙溆煦裋
ku	3	罟瞽詁酤盬羖骰嘏
u	3	鵡儛仵隖碔
pʰu	3	溥
tɕʰy	3	
kʰu	3	
ȵy	3	汝
pu	3	
lɵʊ	3	滷縷艣僂嶁塿
iɵʊ	3	羑卣槱黝懮
tɵʊ	3	斗枓阧蚪黈稌覩
kɵʊ	3	苟耇垢笱郈㸸岣
tɕiɵʊ	3	赳玖糺桕
mɵʊ	3	
xɵʊ	3	缶偩
sɵʊ	3	藪𥈃醙擻籔
ȵiɵʊ	3	狃鈕杻忸
ŋɵʊ	3	耦
tsɵʊ	3	掫珇俎沮
liɵʊ	3	罶懰
tʃʰɵʊ	3	丑侴
ʃɵʊ	3	綬
pʰɵʊ	3	蔀瓿掊
tʃɵʊ	3	帚箒
kʰɵʊ	3	釦
tsʰɵʊ	3	嗾
ɕiɵʊ	3	糗
tʰɵʊ	3	
tsiɵʊ	3	
ɹ̠ɵʊ	3	楺
siɵʊ	3	滫
iɑ	3	庌
tɕiɑ	3	檟斚嘏瘕
mɑ	3	瑪榪
ɕiɑ	3	厦
kuɑ	3	
kʰuɑ	3	踝銙髁
tʃɑ/tsɑ	3	鮓痄
pɑ	3	
tɑ	3	
lɑ	3	
uɑ	3	
ŋɑ	3	
ʃɑ/sɑ	3	
ʃuɑ/ɕyɑ	3	
kʰɑ	3	
tʃɑ/tsɑ	3	咱
ie	3	
ə	3	駬珥邇洱
sie	3	炧䥱
tʃə	3	赭
ɹ̠e	3	
tʃʰə	3	撦哆
tsie	3	
ʃə	3	捨
tsʰie	3	
mie	3	乜
lin	3	廪懔凛檩袊
tʃən	3	軫賑畛胗紾眕袗㐱縝辴稹眹脤𢀷黰鬒晸䪴疹
in	3	紖靷潁癭
tɕin	3	憬璟㯳槿堇痙瑾㯋
ʃən	3	淰諗瀋瞫腍訦哂蜃吮矧邥
uən	3	藴抆稔剄韞蕰緼
pin	3	炳怲邴併臏竝迸
min	3	黽泯嫇茗酩鼆？
kən	3	骾綆褧郠顈亙
sən	3	眚㾪簨
tʰin	3	挻梴鋋莚脠珽娫頲町
kʰuən	3	稇閫壼悃梱輥焜
yn	3	殞狁霣吮惲
kuən	3	衮滚緄鯀輥蓘睔
tɕyn	3	箘窘冏絅泂詗炯
ɹ̠ən	3	餁荏袵恁涊
fən	3	蚡坋
tən	3	遯坉𣎴戥
ɕyn	3	楯輴瞬
pən	3	畚
tʃʰən	3	騁
kʰən	3	
tsən	3	撙噂僔鱒齔
ɕin	3	荇涬婞悻
tsin	3	儘
tin	3	酊
pʰin	3	鞞
tɕʰyn	3	惷
sin	3	
tsʰin	3	
tsʰən	3	齔
lən	3	
tɕʰin	3	謦
xən	3	
fan	3	范軓
kan	3	撼噉轞
tʰan	3	亶𤺺疃禫萏菼紞嗿𪐨贉僤
xan	3	暵悍僩睅𢢀闞窞頷菡撊
tsan	3	豏醆僝琖輚趲瓚槧歜𦈻欑
tsʰan	3	剗滻嵼糝黲黮㦫寁摻湛剷丳
lan	3	擥赧戁矕
kʰan	3	𧗤窾笴欿轗𢩆
pan	3	眅鈑坂昄
ŋan	3	闇
tan	3	憺澹蜑
uan	3	輓
san	3	繖桚
man	3	懣
ʃuan/ɕyan	3	澘
tɔn	3	疃
ɔn	3	琬畹踠菀蜿桉盌脘惋
kɔn	3	琯痯綰
kʰɔn	3	盥浣晥莞
tsɔn	3	纘攢酇篹趲籫
lɔn	3	煖
xɔn	3	
mɔn	3	
tsiɛn	3	翦鬋吮雋譾
iɛn	3	兖輦晛戭𧍢睍偃鰋鼴蝘黶揜奄渰錟罨沇鄻𤗎
siɛn	3	尟跣蘚毨燹姺獮譔銑僎
yɛn	3	冉苒阮菀蝡碝耎輭瓀
ɕiɛn	3	峴蜆韅獫幰俔玁
miɛn	3	沔湎眄俛愐勔
tɕʰiɛn	3	芡慊嗛繾謇蹇膁譴
tɕyɛn	3	剸瑑鄟羂撰
piɛn	3	諞褊惼艑碥
ʃɛn	3	陝墠僤燀鱓熯
tɕiɛn	3	襺鞬筧楗揵梘鹼
tɕʰyɛn	3	舛畎荈
tʃɛn	3	蕆颭輾樿皽
tʰiɛn	3	忝腆？㥏殄淟餂
tiɛn	3	玷
ɕyɛn	3	鉉泫烜咺
tʃʰɛn	3	闡幝諂
tsʰiɛn	3	俴
pʰiɛn	3	
ȵiɛn	3	巘𨋁甗瓛讞
liɛn	3	臠襝
tʃɑʊ	3	肇旐
tɕiɑʊ	3	蹻蟜皎姣齩佼皦譑撟䚩鱎敿㽱筊
miɑʊ	3	窅眇杪淼藐窈媌訬鷕
tsɑʊ	3	皁璪𧎮
kɑʊ	3	稾槁鎬縞杲暠藁皜
pɑʊ	3	葆褓鴇
tɑʊ	3	禂擣
lɑʊ	3	潦䕩瑙恅栳
ɹ̠ɑʊ	3	嬈殀獶
liɑʊ	3	𧘈蓼橑䝤
pʰiɑʊ	3	縹摽殍皫褾㟽醥慓瞟
tsʰɑʊ	3	煼懆訬騲慅
ȵiɑʊ	3	裊褭嫋蔦
tʰiɑʊ	3	窕朓𨱵㨄
siɑʊ	3	篠窱謏
mɑʊ	3	昴茆媢
kʰɑʊ	3	栲薧燺
ŋɑʊ	3	媪燠抝
tsʰiɑʊ	3	愀湫
ʃɑʊ	3	佋
piɑʊ	3	裱
tʰɑʊ	3	
tsiɑʊ	3	勦々
sɑʊ	3	埽璅繅
xɑʊ	3	昊灝皞顥
ɕiɑʊ	3	
tɕʰiɑʊ	3	
tiɑʊ	3	
pʰɑʊ	3	
to	3	柁媠拕嶞鬌𦖋
lo	3	蠃娜𧝹蓏儺
kʰo	3	哿坷笴舸砢𥰮
ko	3	蜾輠
mo	3	
so	3	
xo	3	
pʰo	3	
tsʰo	3	脞瑳挫
ŋo	3	騀硪
tʰo	3	嚲
po	3	
tso	3	
to	3	哆
təŋ	5	蝀
xəŋ	5	鬨賵
səŋ	5	
tʃəŋ	5	
tsəŋ	5	瘲糭
kəŋ	5	贛䇨
məŋ	5	幪鄸
kʰəŋ	5	鞚
ləŋ	5	哢
iəŋ	5	㙲
əŋ	5	齆
tʰəŋ	5	
tʃʰəŋ	5	
ɕiɑŋ	5	曏萫
tʃɑŋ	5	嶂
tʃʰɑŋ	5	鬯韔
iɑŋ	5	煬颺瀁
tɑŋ	5	碭
uɑŋ	5	朢
kʰuɑŋ	5	貺壙纊
liɑŋ	5	倞
tɕiɑŋ	5	絳洚
pɑŋ	5	徬塝
kʰɑŋ	5	伉
tsɑŋ	5	臓奘
tsiɑŋ	5	
siɑŋ	5	
ɹ̠ɑŋ	5	饟
lɑŋ	5	閬誏
ʃɑŋ	5	
kuɑŋ	5	誑迋
xɑŋ	5	桁
tsʰiɑŋ	5	愴㦼
fɑŋ	5	
tʃʰuɑŋ/tɕʰyɑŋ	5	剏憃
tʃuɑŋ/tɕyɑŋ	5	
ȵiɑŋ	5	
sɑŋ	5	
tʰɑŋ	5	摥
kɑŋ	5	掆
pʰɑŋ	5	
ʃɿ˗	5	諡筮噬澨弒恃諟眂拭軾
tʃɿ˗	5	志寘忮觶緻輊咥懫躓熾鷙贄饎掣懘淛晳懥晰疐䏯
tsɿ	5	𦍺孳胾骴漬恣峙
sɿ	5	肂笥泗柶仕俟姒耜涘汜
tʃʰɿ˗	5	彘稺𥭊
tsʰɿ	5	絘佽眥莿
fɘɪ	5	翽濊癈脢喙薉蕙嘒蟪劌䠊芾屝恚彗疿
uɘɪ	5	罻蔚餧諉喟𧍫𤈫躗褽
pɘɪ	5	狽畀帔賁贔痺毖閟祕奰獘淠嬖唄邶笓婢
tsʰɘɪ	5	瘁睟祟誶倅晬焠瀣毳啐
pʰɘɪ	5	悖孛誖茷旆珮霈媲𡚱
mɘɪ	5	眛瑁魅沬袂韎
lɘɪ	5	耒纇汭蜹𢑥芮枘𥖼誄
kʰuɘɪ	5	簣饋蕢憒闠繢聵瞶餽
tɘɪ	5	碓憝鐓䨴蜼縋懟駾𠏮
sɘɪ	5	遂燧穟璲檖襚旞邃嵗繸
tsɘɪ	5	蕞槜
tʃuɘɪ/tɕyɘɪ	5	惴膇畷
ʃuɘɪ/ɕyɘɪ	5	涚
kuɘɪ	5	匱
yɘɪ	5	
yɘɪ	5	帨
tʃʰuɘɪ/tɕʰyɘɪ	5	
tʰɘɪ	5	
si	5	壻漵
tsi	5	霽穧嚌懠覰
i	5	劓驥勩眙𤡬㓷裔羿曳枻翳瞖瘞袣殪豷曀㳿异詍翌翊熠
tɕi	5	覬悸暨跂惎洎芰塈𮪍穊薊瘈鯚伎
li	5	莉莅禲涖礪唳蠣糲癘栵俐酈
ti	5	禘遰杕髢娣睇螮悌揥嚏
tɕʰi	5	弃餼霼憩愒禊偈炁
ȵi	5	睨囈乂蓺藙䛏
tʰi	5	踶薙啻鬀鬄䶑
ɕi	5	盻
pi	5	詖髲陂睥嬖
tsʰi	5	
pʰi	5	薜
mi	5	
xaɪ	5	廨薤瀣
kaɪ	5	壒价齘玠蚧邂
laɪ	5	柰瀨糲𧶘鼐睞耏褦
taɪ	5	黛岱靆瑇帒埭
kʰuaɪ	5	噲薈膾旝襘禬檜澮鄶
ŋaɪ	5	靉曖噫餲僾
tʃaɪ/tsaɪ	5	瘵砦磧
kʰaɪ	5	㮣欬愾愒摡
paɪ	5	粺
ʃaɪ/saɪ	5	
maɪ	5	勱蠆
tʃʰaɪ/tsʰaɪ	5	瘥眦
pʰaɪ	5	憊
tʰaɪ	5	汏忲
ʃuaɪ/ɕyaɪ	5	鎩
kuaɪ	5	夬
faɪ	5	
tʃʰuaɪ/tɕʰyaɪ	5	嘬
uaɪ	5	
fu	5	訃穫駙賻頀沍鮒枑濩祔祜怙户岵扈楛
tɕy	5	遽倨踞翥勮醵詎注炷馵霔屨炬怇鉅秬苣虡岠窶筯
y	5	饇諭孺𥸤御飫櫖蕷瘀鸒洳澦棜
ɕy	5	煦酗卌
u	5	鶩騖寤迕
pu	5	酺抪蔀
ku	5	錮凅
pʰu	5	
kʰu	5	袴
tɕʰy	5	呿
lɵʊ	5	潞輅璐簬鏤瘻瘺耨𨫒
tɵʊ	5	蠹鬭脰竇餖荳痘稌
kɵʊ	5	媾覯冓詬雊鷇姤逅鱟𢐙㝅訽彀够垢郈
sɵʊ	5	泝潄瘶愫
tɕiɵʊ	5	廐疚桕
iɵʊ	5	侑鼬
ʃɵʊ	5	狩綬
tsɵʊ	5	甃腠輳𧛸耡𨂡
tʃɵʊ	5	冑胄呪酎咮繇詛
siɵʊ	5	褎岫琇謏
kʰɵʊ	5	蔻
mɵʊ	5	懋袤瞀楙
xɵʊ	5	堠后
tsʰɵʊ	5	厝鷲蔟簉
liɵʊ	5	霤籀廇𥥹
tʰɵʊ	5	菟
ɕiɵʊ	5	齅溴
miɵʊ	5	
ɹ̠ɵʊ	5	糅輮
tsiɵʊ	5	僦
ŋɵʊ	5	
iɑ	5	婭訝稏御
ɕiɑ	5	暇罅𥕕
tʃʰɑ/tsʰɑ	5	蜡詫奼汊
fɑ	5	槬
tʃɑ/tsɑ	5	乍咋鲊溠
pɑ	5	灞欛𥝧䆉垻叭
tɕiɑ	5	
kuɑ	5	挂罣
mɑ	5	禡駡
kʰuɑ	5	
tɑ	5	
pʰɑ	5	
ʃɑ/sɑ	5	嗄
ie	5	
ə	5	貮刵咡樲衈珥
tʃə	5	柘鷓
ʃə	5	貰
sie	5	榭
tsie	5	藉
lin	5	凌
tsən	5	畯餕儁甑諍譖鐏𥊼
tsin	5	藎瑨賮搢淨穽靚
tʃən	5	娠賑怔挋
ʃən	5	賸諶
tɕʰin	5	覲瑾殣饉墐罄鑋謦
ȵin	5	悋憗躪轥𬈿甯靳
yn	5	餫鄆䩵禜
ɹ̠ən	5	仞軔酳牣訒袵絍媵
tɕin	5	獍脛逕
fən	5	僨溷慁横諢
tən	5	遯磴蹬隥炖
in	5	蔭喑窨𢊖廕𢳃䤃
sən	5	徇𤀹沁㵕潠
sin	5	汛顖蕈
uən	5	醖紊汶慍縕抆絻蘊
pʰin	5	擯儐
tin	5	飣掟
tɕyn	5	攟夐甽窘
pin	5	幷倂
tsʰən	5	儭櫬齔讖
ɕyn	5	瞬鬊蕣
tʃʰən	5	疢鴆
ɕin	5	衅焮倖荇
kən	5	亙艮堩
mən	5	
tsʰin	5	靘濪
min	5	暝
lən	5	
ŋən	5	
kʰuən	5	
xən	5	
tʰin	5	
kuən	5	
pʰən	5	掽
tʰən	5	褪
pən	5	塴
fan	5	汎𠆩氾范
xan	5	悍扞旰瀚豻釬閈暵骭琀㡾
kan	5	閒鑑榦洤紺灨
ŋan	5	鴈々鷃贗
tan	5	鴠澹憺䧟癉柦疸怛
man	5	幔縵嫚
tsan	5	讚綻蘸
tsʰan	5	懺儳粲璨
kʰan	5	衎磡闞瞰覸
san	5	訕汕
pʰan	5	盻襻𢴬鋬
uan	5	曼卍
lan	5	懢
pan	5	湴
tʰan	5	歎
kuan	5	丱
tɔn	5	𣃔碫腶塅
kɔn	5	祼瓘鑵爟雚矔
xɔn	5	奐漶豢轘擐
pʰɔn	5	泮々牉
tsʰɔn	5	爨攛簒
ɔn	5	惋逭翫
pɔn	5	靽
sɔn	5	
tsɔn	5	
tʰɔn	5	彖褖
lɔn	5	薍
tsiɛn	5	洊栫餞臶壍僣槧荐牮
ʃɛn	5	煽鄯繕謆騸墠
tiɛn	5	瑱靛驔癜阽坫
tɕyɛn	5	饌囀狷睊罥鄄譔掾綣睠瑑牶縳駽篆撰
iɛn	5	醼嚥嬿豔灩爓饜掞燄
yɛn	5	愿媛瑗蝝縓
pʰiɛn	5	徧弁忭抃
ɕiɛn	5	俔
tɕiɛn	5	煡
ȵiɛn	5	唸喭唁艌
liɛn	5	孌鍊㝈湅
siɛn	5	綫茜霰秈鏾
piɛn	5	窆
tʃɛn	5	痁𧸪颭
ɕyɛn	5	衒絢眴
tɕʰiɛn	5	譴縴芡
miɛn	5	麫眄
tsʰiɛn	5	蒨倩綪
tɕʰyɛn	5	釧
tʃɑʊ	5	瞾旐肇
tɑʊ	5	纛燾翿
tɕiɑʊ	5	恔珓斅敎礉徼噭訆窔嘂嶠蕌
tiɑʊ	5	弔藋棹櫂趠窵
pɑʊ	5	菢鉋鞄臑颮
tsʰɑʊ	5	噪譟趮慥懆
ŋɑʊ	5	奡隩抅
ɕiɑʊ	5	傚効
mɑʊ	5	媢耄芼眊瑁旄
pʰiɑʊ	5	慓驃僄剽
iɑʊ	5	曜燿
xɑʊ	5	秏
siɑʊ	5	肖䐹歗
ʃɑʊ	5	劭
tʰiɑʊ	5	脁頫艞蓧朓
pʰɑʊ	5	礮皰𣕅
tsɑʊ	5	皁
kɑʊ	5	郜
liɑʊ	5	
tsiɑʊ	5	醮噍僬爝釂
tsʰiɑʊ	5	誚韒峭
sɑʊ	5	埽
miɑʊ	5	
lɑʊ	5	橈
kʰɑʊ	5	
tɕʰiɑʊ	5	
ȵiɑʊ	5	蔦
tʰɑʊ	5	
ɹ̠ɑʊ	5	
piɑʊ	5	裱
to	5	媠䭾柁嶞
tsʰo	5	挫剉蓌莝胙阼祚酢怍
mo	5	
xo	5	
ko	5	个
tso	5	
kʰo	5	堁騍
lo	5	稬
ŋo	5	卧涴
tʰo	5	
so	5	
pʰo	5	
ʃɿ˗	7	奭鼫襫祏溼寔軾拭
tʃɿ˗	7	櫛姪蛭隲鑕郅桎庢挃銍礩秷櫍咥陟湜埴樴蹠摭縶跖
tʃʰɿ˗	7	帙紩柣叱勑鷘飭躑螫
ɹ̠ɿ˗	7	衵馹
si	7	衋洫侐舄穸腊踖蓆汐磶唶潟皙淅殈蜥隰鄎裼晰
i	7	壹鎰𨓜溢軼𩾐佾泆抶唈裛浥熠悒挹臆翊杙弋㚤繶檍醷翌驛掖懌奕襗弈帟斁嶧埸醳鷊虉鷁艗
li	7	苙慄鷸驈獝潏遹繘篥凓聿鴥䌇矞厯櫪轣藶癧䍥礫櫟轢躒濼皪膟酈
ti	7	鏑翟覿逖糴荻菂啇蹢籊弔趯靮逷
tɕi	7	佶姞笈汲伋岌鈒亟殛僰襋檄扱
tsi	7	戢葺濈𧤏藉㦸幘磧瘠蹐塉嫉蒺堲勣蹟檝
pi	7	蹕韠觱罼珌篳楅湢疈愊腷甓鬲蓽㓖滭
pʰi	7	闢癖擗躃襞愎澼疋
mi	7	佖謐苾駜鉍飶蔤冪塓邲怭鼏幦簚
ɕi	7	翕潝歙郤綌闐肸覡鬩虩湇闟郹湨
tʰi	7	廸倜逷蜴
tɕʰi	7	仡汔屹
ȵi	7	嶷暱惄虉鷊
tsʰi	7	柒々々崒䜉
tsʰi	7	慼鉞踧墄磩㓼
fu	7	轂縠洑鵩箙複菔槲葍栿偪虙紱黻綍韍茀髴祓欻沕怫艴刜咈笏惚紼笰芾
y	7	廿緎棫罭閾魊蜮彧鬱菀蔚祋垼
pʰu	7	卜僕扑醭浡馞孛墣𢷏幞踣
tɕy	7	椈鞫踘毱跼挶輂侷椈
ku	7	鵠梏牿嚳鶻搰汩榖
kʰu	7	𥧊堀
ɕy	7	朮怵
tɕʰy	7	黜詘崛絀窋
u	7	
pu	7	
lɵʊ	7	䘵戮娽簏轆稑穋琭𦪇䍡盝僇蓼淥醁籙騄菉
ɹ̠ɵʊ	7	燠澳煜毓朒薁昱鬻䐿縟蓐溽鄏鵒鸑噢𣋉
sɵʊ	7	蔌蓿𣙙夙蹜觫鱐洓餗謖簌藚
tɵʊ	7	瀆犢匵殰碡黷讟牘纛韣
tsʰɵʊ	7	蹙鏃蹴簇蔟踧瘯窣捽椊
ʃɵʊ	7	菽俶塾倏劚矚
tʃʰɵʊ	7	矗舳蓫髑蠋歜躅妯臅
tʃɵʊ	7	竺筑柷
ɕiɵʊ	7	慉勖頊搐鄐
tʰɵʊ	7	揬
tsɵʊ	7	々
tɕʰiɵʊ	7	
ȵiɵʊ	7	䶊恧
siɵʊ	7	
iɑ	7	魘靨揠
ɕiɑ	7	硤狎筴柙篋頰愜勰浹鋏霅蛺舝梜
tɕiɑ	7	郟戛嘎
lɑ	7	衲軜訥吶豽
fɑ	7	
tɑ	7	闥澾撻鞳荅嗒妲薘𨨹褡
tʰɑ	7	搨誻闒遝嚃䍇
kuɑ	7	聒栝筈适佸鴰摑
tʃʰɑ/tsʰɑ	7	刹鍤歃扱
pʰɑ	7	魃茇軷
tɕʰiɑ	7	袷祫帢跲姶
ʃɑ/sɑ	7	摋霎箑翣
uɑ	7	韈穵
tʃɑ/tsɑ	7	帀搚扎蚻
tʃɑ/tsɑ	7	茁
pɑ	7	捌哵
ʃɑ/sɑ	7	閷
mɑ	7	袜帓
ʃua/ɕya	7	
ie	7	曄𠉪擖暍饁𥣘
tɕye	7	蹶橜咄劂棁譎玦鴂抉醊惙掇輟棁歠畷觼趹鴃駃獗嶡崛鵙
ȵie	7	臬闑齧隉揑讞湼蘗鍥蘖臲捻鄴嶪檗敜
ŋə	7	戹阨搤軏杌扤卼阢詻砨呃
tie	7	堞蹀屧楪喋韘艓惵鍱䐑跕𬇇媟耋絰垤咥渫迭瓞凸揲詄抶
tsə	7	萴昃仄幘嘖赜謫簀畟舴
tɕie	7	纈襭頡擷偈桀絜拮挈蛣碣羯訐楬黠秸袺劼
pə	7	捭舶佰
tɕʰie	7	朅蜐刦
sie	7	楔紲辥𤑔燮躞暬洩焫緤
ye	7	刖鉞狘樾𤍠悦閲
lə	7	埒鋝泐扐阞仂氻
tsʰə	7	惻册栅筴
xə	7	劾覈驀紇齕犵
mə	7	貊貘覛霢纆眽剨
sə	7	穡歰濇
kuə	7	馘蟈幗摑膕
kʰə	7	剋髂
tʰə	7	慝螣犆
kə	7	膈骼觡鬲翮
ɕie	7	泬叶
ʃə	7	衱懾籋讘澨
lie	7	洌々茢蛚𤢪𩮻躐
tsie	7	絶蕝椄楫
tʃʰə	7	掣澈輒𦛖
tʃə	7	慴摺襵讋摭䇽𧋍𤮱
tʰie	7	怗餮驖
pʰie	7	龞鷩嫳
tsʰie	7	箑倢睫婕
pʰə	7	
mie	7	𥯣衊蠛幭
tɕʰye	7	觖闋
tə	7	
ɕye	7	
to	7	
xo	7	曷褐鞨鶡毼矱穫鑊霍蠖臛貉雘謞嗃閤闔盍欱韐嗑榼葢溘熇翯蝎濩頜
mo	7	霂苜楘鶩鏌瘼瞙秣歿靺茉妺
io	7	礿瀹龠籥爚鄀婼犖岳鸑
tso	7	琢斲濯齪娖椓擢諑涿噣攫鑿貜臄玃噱
po	7	亳箔鎛鑮礴髆粕鉢鱍襏䃗駮襮餺
ko	7	鞟霩埆捔桷轕瑴
ŋo	7	鋈搦幄喔渥偓堮萼噩愕鍔崿咢鶚諤閼遏腭鄂齷
kʰo	7	㩁榷殻慤壑涸恪彍
ʃo	7	妁彴鑠杓禚钁躒汋趵𧘑炤
lo	7	酪珞犖笿袼雒
tʰo	7	託柝蘀籜鐸橐脱怛漯袥庹汑
tʃo	7	倬斮踔焯
so	7	槊𢱢鎍
ȵio	7	謔篛
tɕʰio	7	鷽珏躩矍
tsʰo	7	苲酢怍碏𥯩
tsio	7	爝皭燋灂穱穛
lio	7	剠
o	7	堊
tsʰio	7	
tɕio	7	屩
pʰo	7	𢷏
sio	7	
ɕio	7	